City_ID,City,Country,Date,Lat,Lng,Max Temp,Humidity,Cloudiness,Wind Speed
0,Nyurba,RU,2023-01-16 01:53:41,63.2842,118.3319,-72.63,100,85,2.98
1,Tuatapere,NZ,2023-01-16 01:53:42,-46.1333,167.6833,75.63,43,29,3.85
2,Kavieng,PG,2023-01-16 01:53:42,-2.5744,150.7967,83.05,75,88,7.23
3,Bambous Virieux,MU,2023-01-16 01:53:42,-20.3428,57.7575,79.05,78,40,12.66
4,Jamestown,US,2023-01-16 01:53:43,42.097,-79.2353,22.64,72,0,3.44
5,Ushuaia,AR,2023-01-16 01:51:45,-54.8,-68.3,53.26,58,75,5.75
6,Peachland,CA,2023-01-16 01:53:43,49.7665,-119.7357,40.15,93,100,1.77
7,Hilo,US,2023-01-16 01:50:13,19.7297,-155.09,78.94,78,40,13.8
8,New Norfolk,AU,2023-01-16 01:53:44,-42.7826,147.0587,67.91,37,0,3.0
9,Busselton,AU,2023-01-16 01:53:45,-33.65,115.3333,71.13,47,1,16.6
10,Fare,PF,2023-01-16 01:53:45,-16.7,-151.0167,79.56,67,100,19.24
11,Atuona,PF,2023-01-16 01:53:46,-9.8,-139.0333,78.13,75,100,13.8
12,Cape Town,ZA,2023-01-16 01:50:00,-33.9258,18.4232,70.21,75,0,20.71
13,Osypenko,UA,2023-01-16 01:53:46,46.9136,36.8253,30.94,83,86,4.59
14,Rikitea,PF,2023-01-16 01:53:47,-23.1203,-134.9692,77.95,72,10,12.1
15,Maceo,CO,2023-01-16 01:53:47,6.552,-74.7874,64.83,98,57,2.98
16,Sao Filipe,CV,2023-01-16 01:53:48,14.8961,-24.4956,75.29,67,69,5.7
17,Berlevag,NO,2023-01-16 01:53:34,70.8578,29.0864,30.15,80,40,12.66
18,Arraial Do Cabo,BR,2023-01-16 01:53:48,-22.9661,-42.0278,74.64,89,98,24.0
19,Qaanaaq,GL,2023-01-16 01:53:49,77.484,-69.3632,-7.8,60,25,7.11
20,Margate,GB,2023-01-16 01:53:49,51.3813,1.3862,43.9,87,100,7.0
21,Leh,IN,2023-01-16 01:53:50,34.1667,77.5833,-5.08,75,11,2.44
22,At-Bashi,KG,2023-01-16 01:53:50,41.1702,75.8106,-12.23,58,0,3.29
23,Georgetown,MY,2023-01-16 01:53:46,5.4112,100.3354,82.33,92,20,6.91
24,Constitucion,CL,2023-01-16 01:53:51,-35.3333,-72.4167,56.73,79,25,11.54
25,Vardo,NO,2023-01-16 01:53:51,70.3705,31.1107,33.78,86,100,26.46
26,Churapcha,RU,2023-01-16 01:53:51,62.0025,132.4325,-48.1,95,100,4.81
27,Lienz,AT,2023-01-16 01:53:52,46.8289,12.769,35.89,95,100,4.5
28,Fairbanks,US,2023-01-16 01:50:33,64.8378,-147.7164,6.76,79,0,3.44
29,Dikson,RU,2023-01-16 01:53:53,73.5069,80.5464,-33.79,92,5,4.32
30,Brazzaville,CG,2023-01-16 01:52:40,-4.2658,15.2832,72.39,93,100,0.74
31,Ponta Do Sol,PT,2023-01-16 01:53:53,32.6667,-17.1,64.71,73,44,6.55
32,Mataura,NZ,2023-01-16 01:53:33,-46.1927,168.8643,81.36,31,9,8.43
33,Bingerville,CI,2023-01-16 01:53:54,5.3584,-3.8869,81.54,94,20,3.44
34,Kayerkan,RU,2023-01-16 01:53:54,69.3497,87.7602,-37.71,89,5,5.21
35,Longyearbyen,SJ,2023-01-16 01:53:55,78.2186,15.6401,17.44,67,40,21.85
36,Kapaa,US,2023-01-16 01:53:55,22.0752,-159.319,78.78,75,64,4.0
37,Khatanga,RU,2023-01-16 01:53:56,71.9667,102.5,-53.23,99,54,4.07
38,Oeiras Do Para,BR,2023-01-16 01:53:56,-2.0031,-49.8544,71.49,98,100,1.79
39,Port Alfred,ZA,2023-01-16 01:53:57,-33.5906,26.891,70.18,90,99,1.99
40,Hobart,AU,2023-01-16 01:53:24,-42.8794,147.3294,68.27,52,40,12.66
41,Port Hardy,CA,2023-01-16 01:53:57,50.6996,-127.4199,44.78,100,100,0.0
42,Bluff,NZ,2023-01-16 01:53:58,-46.6,168.3333,66.61,63,29,5.82
43,Vila Velha,BR,2023-01-16 01:53:58,-20.3297,-40.2925,76.95,89,20,6.91
44,Mangai,CD,2023-01-16 01:53:59,-4.05,19.5333,68.34,98,100,1.9
45,Wajima,JP,2023-01-16 01:53:59,37.4,136.9,36.28,100,75,3.44
46,Carnarvon,AU,2023-01-16 01:53:59,-24.8667,113.6333,77.58,60,0,22.91
47,Saskylakh,RU,2023-01-16 01:54:00,71.9167,114.0833,-39.5,97,100,3.96
48,Havoysund,NO,2023-01-16 01:55:00,70.9963,24.6622,28.63,85,100,13.65
49,Beringovskiy,RU,2023-01-16 01:50:42,63.05,179.3167,-5.33,91,100,18.97
50,Muroto,JP,2023-01-16 01:55:01,33.2833,134.15,56.79,73,87,14.38
51,Chokurdakh,RU,2023-01-16 01:55:02,70.6333,147.9167,-17.72,90,6,12.39
52,Hermanus,ZA,2023-01-16 01:55:02,-34.4187,19.2345,71.8,79,96,18.01
53,Terney,RU,2023-01-16 01:50:52,45.0503,136.6092,8.4,51,0,10.27
54,Stornoway,GB,2023-01-16 01:49:12,58.2093,-6.3865,30.92,91,75,11.5
55,Victoria,HK,2023-01-16 01:53:34,22.2855,114.1577,56.25,71,94,13.0
56,Aviles,ES,2023-01-16 01:55:04,43.5547,-5.9248,52.38,80,75,23.02
57,Olinda,BR,2023-01-16 01:55:05,-8.0089,-34.8553,80.33,74,75,6.91
58,Cairns,AU,2023-01-16 01:54:31,-16.9167,145.7667,85.95,70,75,12.66
59,Ilulissat,GL,2023-01-16 01:55:08,69.2167,-51.1,6.33,95,100,9.31
60,Gronau,DE,2023-01-16 01:55:09,52.2,7.0333,41.13,86,99,13.78
61,Goulburn,AU,2023-01-16 01:55:10,-34.75,149.7167,78.15,48,95,12.17
62,Sorland,NO,2023-01-16 01:55:10,67.667,12.6934,35.46,59,100,10.22
63,Shimoda,JP,2023-01-16 01:55:12,34.6667,138.95,52.16,68,100,16.82
64,East London,ZA,2023-01-16 01:55:13,-33.0153,27.9116,70.86,88,100,8.03
65,Albany,US,2023-01-16 01:55:14,42.6001,-73.9662,22.23,78,8,1.01
66,Chilca,PE,2023-01-16 01:55:15,-12.5211,-76.7372,68.99,83,84,3.67
67,Punta Arenas,CL,2023-01-16 01:53:31,-53.15,-70.9167,51.91,71,0,25.32
68,Gulariya,NP,2023-01-16 01:55:17,28.2333,81.3333,44.19,68,100,2.19
69,Akyab,MM,2023-01-16 01:55:18,20.15,92.9,66.69,63,0,6.76
70,Vaini,TO,2023-01-16 01:55:18,-21.2,-175.2,80.76,94,75,8.05
71,Torbay,CA,2023-01-16 01:55:20,47.6666,-52.7314,33.39,95,100,19.57
72,Waipawa,NZ,2023-01-16 01:55:21,-41.4122,175.5153,70.74,53,41,7.45
73,Alice Springs,AU,2023-01-16 01:52:23,-23.7,133.8833,89.15,40,5,12.66
74,Mana,GF,2023-01-16 01:55:22,5.6592,-53.7767,74.14,92,100,5.86
75,Yellowknife,CA,2023-01-16 01:53:09,62.456,-114.3525,1.92,85,100,4.61
76,Barrow,US,2023-01-16 01:55:23,71.2906,-156.7887,-18.38,83,75,14.97
77,Richards Bay,ZA,2023-01-16 01:55:24,-28.783,32.0377,71.22,95,2,4.9
78,Farmington,US,2023-01-16 01:55:25,36.7281,-108.2187,36.16,86,35,5.01
79,Revelstoke,CA,2023-01-16 01:55:25,50.9832,-118.2023,33.82,100,100,0.0
80,Lebu,CL,2023-01-16 01:55:26,-37.6167,-73.65,55.58,83,96,19.04
81,Saint-Pierre,RE,2023-01-16 01:43:55,-21.3393,55.4781,77.92,69,0,8.05
82,Arlit,NE,2023-01-16 01:55:28,18.7369,7.3853,60.03,23,0,5.68
83,Sohbatpur,PK,2023-01-16 01:55:29,28.5202,68.5434,44.44,16,0,2.89
84,Cabo San Lucas,MX,2023-01-16 01:54:32,22.8909,-109.9124,73.06,66,59,13.82
85,Bemidji,US,2023-01-16 01:53:02,47.4736,-94.8803,33.57,96,0,4.61
86,Atar,MR,2023-01-16 01:55:31,20.5169,-13.0499,67.19,19,2,10.11
87,Carlsbad,US,2023-01-16 01:52:29,33.1581,-117.3506,56.95,90,100,5.75
88,Koani,TZ,2023-01-16 01:55:33,-6.1333,39.2833,75.99,86,100,6.8
89,Souillac,MU,2023-01-16 01:55:33,-20.5167,57.5167,79.18,78,40,12.66
90,San Juan,AR,2023-01-16 01:50:49,-31.5375,-68.5364,79.54,35,71,4.12
91,Caravelas,BR,2023-01-16 01:55:35,-17.7125,-39.2481,73.33,90,89,5.19
92,Alyangula,AU,2023-01-16 01:55:36,-13.8483,136.4192,84.58,70,100,5.61
93,El Naranjo,MX,2023-01-16 01:55:36,21.4667,-98.6,64.13,70,0,3.15
94,Kachug,RU,2023-01-16 01:55:36,53.9606,105.8817,7.21,84,100,11.16
95,Bengkulu,ID,2023-01-16 01:56:37,-3.8004,102.2655,79.95,73,38,1.99
96,Geraldton,AU,2023-01-16 01:56:38,-28.7667,114.6,73.81,56,100,25.32
97,Bredasdorp,ZA,2023-01-16 01:56:38,-34.5322,20.0403,68.4,88,79,14.18
98,Sabzevar,IR,2023-01-16 01:56:38,36.2126,57.6819,31.69,39,22,2.57
99,Huarmey,PE,2023-01-16 01:56:39,-10.0681,-78.1522,70.03,78,100,7.81
100,Marzuq,YE,2023-01-16 01:56:39,14.4,46.4667,59.92,65,80,5.17
101,Mar Del Plata,AR,2023-01-16 01:56:25,-38.0023,-57.5575,70.09,88,40,8.05
102,Sitka,US,2023-01-16 01:56:40,57.0531,-135.33,42.69,87,100,4.61
103,San Cristobal,VE,2023-01-16 01:56:40,7.7669,-72.225,69.98,96,69,2.3
104,Cidreira,BR,2023-01-16 01:56:41,-30.1811,-50.2056,73.56,86,100,8.48
105,Christchurch,NZ,2023-01-16 01:56:41,-43.5333,172.6333,76.41,59,8,17.27
106,Naliya,IN,2023-01-16 01:56:42,23.2667,68.8333,55.17,49,20,5.88
107,Kodiak,US,2023-01-16 01:54:47,57.79,-152.4072,36.91,87,100,8.05
108,Sena Madureira,BR,2023-01-16 01:56:42,-9.0656,-68.6569,73.26,97,100,1.23
109,Tiksi,RU,2023-01-16 01:56:43,71.6872,128.8694,-30.01,100,100,4.76
110,Taoudenni,ML,2023-01-16 01:56:43,22.6783,-3.9836,62.22,26,0,13.18
111,Jiwani,PK,2023-01-16 01:56:44,25.05,61.7417,61.16,26,3,7.99
112,Grindavik,IS,2023-01-16 01:50:40,63.8424,-22.4338,18.07,67,0,9.22
113,Kieta,PG,2023-01-16 01:56:44,-6.2167,155.6333,85.55,69,89,5.41
114,Mahebourg,MU,2023-01-16 01:56:45,-20.4081,57.7,79.09,78,40,12.66
115,Severo-Kurilsk,RU,2023-01-16 01:53:58,50.6789,156.125,17.4,79,100,26.19
116,Katsuura,JP,2023-01-16 01:56:45,35.1333,140.3,46.42,87,100,5.06
117,Dondaicha,IN,2023-01-16 01:56:46,21.3333,74.5667,60.42,49,5,4.07
118,Egvekinot,RU,2023-01-16 01:56:46,66.3167,-179.1667,-16.1,83,68,20.62
119,Ballina,AU,2023-01-16 01:52:13,-28.8667,153.5667,82.02,67,50,9.95
120,Nikolskoye,RU,2023-01-16 01:56:47,59.7035,30.7861,33.8,97,100,11.81
121,Lai,TD,2023-01-16 01:56:47,9.3952,16.2989,68.85,28,39,5.21
122,Butaritari,KI,2023-01-16 01:56:47,3.0707,172.7902,80.96,78,97,12.95
123,Lakes Entrance,AU,2023-01-16 01:56:48,-37.8811,147.981,75.16,74,86,18.59
124,San Carlos De Bariloche,AR,2023-01-16 01:50:19,-41.1456,-71.3082,62.35,48,7,18.41
125,Baykit,RU,2023-01-16 01:56:48,61.67,96.37,-40.32,100,95,1.79
126,Morehead,US,2023-01-16 01:50:27,37.2711,-87.1764,39.99,54,0,3.44
127,Hithadhoo,MV,2023-01-16 01:56:37,-0.6,73.0833,79.65,65,89,4.97
128,Vila Franca Do Campo,PT,2023-01-16 01:56:49,37.7167,-25.4333,52.21,80,6,5.57
129,Petropavlovsk-Kamchatskiy,RU,2023-01-16 01:50:44,53.0452,158.6483,12.79,31,2,22.37
130,Kalmunai,LK,2023-01-16 01:51:55,7.4167,81.8167,75.27,87,63,5.12
131,Abhar,IR,2023-01-16 01:56:50,36.1468,49.218,22.35,92,94,8.05
132,Fort Walton Beach,US,2023-01-16 01:54:56,30.4058,-86.6188,52.02,73,0,3.44
133,Freetown,SL,2023-01-16 01:56:51,8.484,-13.2299,76.12,84,76,5.01
134,Port Elizabeth,ZA,2023-01-16 01:56:51,-33.918,25.5701,70.32,90,20,9.22
135,Leningradskiy,RU,2023-01-16 01:56:52,69.3833,178.4167,-28.68,100,97,0.25
136,Thompson,CA,2023-01-16 01:56:28,55.7435,-97.8558,3.36,85,100,5.75
137,Okha,RU,2023-01-16 01:56:52,53.5739,142.9478,-17.03,86,16,7.85
138,Puerto Ayora,EC,2023-01-16 01:56:53,-0.7393,-90.3518,75.54,95,35,1.99
139,Lompoc,US,2023-01-16 01:56:53,34.6391,-120.4579,50.77,92,100,1.01
140,Pangnirtung,CA,2023-01-16 01:48:55,66.1451,-65.7125,-42.86,93,90,5.66
141,Gamba,GA,2023-01-16 01:56:54,-2.65,10.0,74.14,86,100,2.13
142,Gat,IL,2023-01-16 01:56:54,31.61,34.7642,52.48,66,10,5.61
143,Castro,BR,2023-01-16 01:57:55,-24.7911,-50.0119,64.49,97,91,1.79
144,Tuktoyaktuk,CA,2023-01-16 01:57:55,69.4541,-133.0374,-14.8,76,100,8.05
145,Edd,ER,2023-01-16 01:57:56,13.9297,41.6925,78.24,63,2,10.13
146,Yeniseysk,RU,2023-01-16 01:57:56,58.4497,92.1703,-16.17,100,100,1.34
147,Saint-Philippe,RE,2023-01-16 01:53:24,-21.3585,55.7679,74.79,81,47,12.91
148,Mustla,EE,2023-01-16 01:57:57,58.2343,25.8584,37.42,84,100,14.5
149,Wanning,CN,2023-01-16 01:57:57,18.8003,110.3967,64.47,88,100,12.82
150,Bereda,ES,2023-01-16 01:48:59,43.2686,-7.5406,49.14,100,100,11.74
151,Pitogo,PH,2023-01-16 01:57:58,13.7847,122.0881,76.21,90,100,10.49
152,Provideniya,RU,2023-01-16 01:49:00,64.3833,-173.3,10.51,61,0,22.37
153,Nanga Eboko,CM,2023-01-16 01:57:59,4.6833,12.3667,63.77,48,68,1.81
154,Portland,US,2023-01-16 01:54:11,45.5234,-122.6762,47.8,89,100,14.0
155,Qaqortoq,GL,2023-01-16 01:57:59,60.7167,-46.0333,14.41,71,46,33.64
156,Deputatskiy,RU,2023-01-16 01:58:00,69.3,139.9,-34.71,100,90,0.31
157,Vurnary,RU,2023-01-16 01:58:00,55.4904,46.9648,8.6,86,5,10.18
158,Narsaq,GL,2023-01-16 01:56:47,60.9167,-46.05,7.88,70,41,17.29
159,Talnakh,RU,2023-01-16 01:58:01,69.4865,88.3972,-34.96,88,15,6.6
160,Bandar,ID,2023-01-16 01:58:02,2.05,99.75,75.56,91,99,0.78
161,Gwadar,PK,2023-01-16 01:58:02,25.1216,62.3254,59.43,26,2,8.72
162,Ayan,RU,2023-01-16 01:56:32,56.45,138.1667,-27.26,62,100,12.03
163,Saint George,US,2023-01-16 01:58:03,37.1041,-113.5841,48.25,68,100,4.0
164,College,US,2023-01-16 01:58:05,64.8569,-147.8028,-5.19,98,72,2.33
165,Ribeira Grande,PT,2023-01-16 01:58:05,38.5167,-28.7,50.77,82,6,10.0
166,Brownsville,US,2023-01-16 01:58:06,25.9018,-97.4975,70.09,79,0,21.34
167,Sioux Lookout,CA,2023-01-16 01:58:08,50.1001,-91.917,30.27,100,100,4.61
168,Willowmore,ZA,2023-01-16 01:53:31,-33.2926,23.4895,60.19,90,15,8.84
169,Sola,VU,2023-01-16 01:54:40,-13.8833,167.55,81.54,75,90,11.36
170,Rio Gallegos,AR,2023-01-16 01:58:13,-51.6226,-69.2181,60.85,41,0,10.36
171,Launceston,AU,2023-01-16 01:58:16,-41.45,147.1667,75.61,43,100,14.97
172,Avarua,CK,2023-01-16 01:56:53,-21.2078,-159.775,80.65,65,75,6.91
173,Iqaluit,CA,2023-01-16 01:58:19,63.7506,-68.5145,-22.27,74,75,2.3
174,Tazovskiy,RU,2023-01-16 01:58:20,67.4667,78.7,-7.62,96,100,16.13
175,Alta Floresta,BR,2023-01-16 01:58:21,-9.8756,-56.0861,71.76,90,100,2.98
176,Cherskiy,RU,2023-01-16 01:58:24,68.75,161.3,-41.08,99,48,5.44
177,Changji,CN,2023-01-16 01:58:26,44.0167,87.3167,-8.61,84,40,2.24
178,Isiro,CD,2023-01-16 01:58:29,2.7739,27.616,69.69,51,85,2.57
179,Shaunavon,CA,2023-01-16 01:58:30,49.6501,-108.4181,24.58,95,100,4.56
180,Port Blair,IN,2023-01-16 01:58:31,11.6667,92.75,68.04,94,40,0.0
181,Puebloviejo,CO,2023-01-16 01:58:33,10.9938,-74.2844,82.04,65,40,14.97
182,Namibe,AO,2023-01-16 01:58:34,-15.1961,12.1522,71.89,81,100,2.1
183,Dokka,NO,2023-01-16 01:58:35,60.84,10.0618,16.63,94,100,4.03
184,Sovetskiy,RU,2023-01-16 01:58:36,61.3614,63.5842,16.41,86,45,10.98
185,Ostrovnoy,RU,2023-01-16 01:50:28,68.0531,39.5131,32.38,91,100,23.89
186,Baghdad,IQ,2023-01-16 01:57:37,33.3406,44.4009,44.51,76,100,3.44
187,Monrovia,LR,2023-01-16 01:59:37,6.3005,-10.7969,78.15,84,3,2.64
188,Raga,SS,2023-01-16 01:59:37,8.4596,25.678,67.75,30,65,3.58
189,Monduli,TZ,2023-01-16 01:59:38,-3.3,36.45,60.28,74,97,7.11
190,Maniitsoq,GL,2023-01-16 01:59:38,65.4167,-52.9,2.12,85,100,25.84
191,Sumedang,ID,2023-01-16 01:59:39,-6.8592,107.9207,80.06,74,91,2.15
192,Vangaindrano,MG,2023-01-16 01:59:39,-23.35,47.6,72.3,90,36,1.07
193,Ucluelet,CA,2023-01-16 01:59:40,48.9329,-125.5528,48.09,92,100,5.99
194,Bilma,NE,2023-01-16 01:56:48,18.6853,12.9164,57.6,33,0,11.03
195,Abu Dhabi,AE,2023-01-16 01:56:31,24.4667,54.3667,66.22,79,0,2.3
196,Pisco,PE,2023-01-16 01:50:37,-13.7,-76.2167,69.85,83,0,5.75
197,Guerrero Negro,MX,2023-01-16 01:59:41,27.9769,-114.0611,64.08,76,99,11.45
198,Dolores,AR,2023-01-16 01:59:41,-36.3132,-57.6792,66.25,79,2,6.8
199,Bethel,US,2023-01-16 01:59:42,41.3712,-73.414,35.51,55,94,4.0
200,Ondangwa,NA,2023-01-16 01:59:42,-17.9167,15.95,72.84,64,92,7.07
201,Airai,TL,2023-01-16 01:59:43,-8.9266,125.4092,72.14,63,100,2.59
202,Shunyi,CN,2023-01-16 01:59:43,40.125,116.6453,21.15,49,0,2.24
203,Kaitangata,NZ,2023-01-16 01:59:44,-46.2817,169.8464,72.12,56,25,6.35
204,Esperance,AU,2023-01-16 01:59:44,-33.8667,121.9,74.41,70,100,18.01
205,Evensk,RU,2023-01-16 01:59:45,61.95,159.2333,2.71,77,100,8.63
206,Tasiilaq,GL,2023-01-16 01:59:45,65.6145,-37.6368,18.63,85,100,18.77
207,Marsa Matruh,EG,2023-01-16 01:58:13,31.3525,27.2453,53.8,87,40,8.05
208,Upernavik,GL,2023-01-16 01:59:46,72.7868,-56.1549,1.56,74,100,5.28
209,Lixourion,GR,2023-01-16 01:59:46,38.2019,20.4314,51.75,66,7,3.24
210,Praia,CV,2023-01-16 01:59:47,14.9215,-23.5087,72.52,76,100,10.71
211,Teya,RU,2023-01-16 01:52:16,60.3778,92.6267,-14.8,100,100,3.74
212,Kuzhorskaya,RU,2023-01-16 01:59:47,44.6751,40.3103,33.8,64,6,3.04
213,Boyolangu,ID,2023-01-16 01:59:48,-8.1181,111.8935,83.43,68,51,2.59
214,Turukhansk,RU,2023-01-16 01:50:43,65.8167,87.9833,-18.96,97,100,11.83
215,Barranca,PE,2023-01-16 01:59:14,-10.75,-77.7667,70.05,76,100,4.74
216,Mitsamiouli,KM,2023-01-16 01:59:48,-11.3847,43.2844,79.21,78,50,4.41
217,Isangel,VU,2023-01-16 01:59:49,-19.55,169.2667,86.11,70,70,4.61
218,La Paz,BO,2023-01-16 01:59:49,-16.5,-68.15,53.58,22,40,13.8
219,Vilkija,LT,2023-01-16 01:59:50,55.05,23.5833,39.61,81,100,13.62
220,Aykhal,RU,2023-01-16 01:59:50,66.0,111.5,-51.72,100,63,4.54
221,Acapulco,MX,2023-01-16 01:59:12,16.8634,-99.8901,76.75,82,0,7.23
222,Ixtapa,MX,2023-01-16 01:57:49,20.7,-105.2,66.25,78,59,1.48
223,Kumbo,CM,2023-01-16 01:59:51,6.2,10.6667,57.13,33,12,4.7
224,Qasigiannguit,GL,2023-01-16 01:59:52,68.8193,-51.1922,5.16,97,100,9.01
225,Kokopo,PG,2023-01-16 01:59:52,-4.352,152.2633,85.35,65,32,7.99
226,Valparaiso,CL,2023-01-16 01:58:08,-33.0393,-71.6273,63.48,100,0,4.61
227,Codrington,AU,2023-01-16 01:59:53,-38.2667,141.9667,74.23,37,0,12.55
228,Morondava,MG,2023-01-16 01:59:53,-20.2833,44.2833,77.94,81,4,8.81
229,Lavrentiya,RU,2023-01-16 01:59:54,65.5833,-171.0,-5.64,87,97,12.8
230,Nanortalik,GL,2023-01-16 01:56:45,60.1432,-45.2371,19.87,69,100,39.17
231,Umm Lajj,SA,2023-01-16 02:00:55,25.0213,37.2685,65.97,60,100,11.07
232,Bismil,TR,2023-01-16 02:00:55,37.8486,40.6658,33.53,80,90,1.54
233,Khani,GE,2023-01-16 02:00:56,41.9563,42.9566,31.57,72,10,6.51
234,Merauke,ID,2023-01-16 02:00:56,-8.4667,140.3333,74.97,91,100,11.03
235,Wana,PK,2023-01-16 02:00:57,32.2989,69.5725,31.39,23,0,4.07
236,Ahipara,NZ,2023-01-16 02:00:57,-35.1667,173.1667,70.56,64,73,9.04
237,Klaksvik,FO,2023-01-16 02:00:57,62.2266,-6.589,31.12,64,100,23.15
238,Belmonte,BR,2023-01-16 02:00:58,-15.8631,-38.8828,75.52,81,67,5.5
239,Srednekolymsk,RU,2023-01-16 02:00:58,67.45,153.6833,-43.94,99,69,6.49
240,Ust-Maya,RU,2023-01-16 02:00:59,60.4167,134.5333,-45.35,91,100,3.58
241,Ponta Delgada,PT,2023-01-16 02:01:00,37.7333,-25.6667,52.52,76,20,4.61
242,Yashan,CN,2023-01-16 02:01:00,22.1975,109.9419,44.47,67,100,10.16
243,Krosno Odrzanskie,PL,2023-01-16 02:01:01,52.0549,15.0988,36.77,75,62,12.68
244,Kavaratti,IN,2023-01-16 02:01:04,10.5669,72.642,79.07,71,48,11.23
245,Muriae,BR,2023-01-16 02:01:05,-21.1306,-42.3664,73.58,94,78,2.62
246,Cordareni,RO,2023-01-16 02:01:06,47.9833,26.5833,34.68,93,50,4.85
247,Jijiga,ET,2023-01-16 02:01:09,9.35,42.8,55.08,60,1,8.08
248,Gasa,PS,2023-01-16 01:56:52,31.5,34.4667,57.06,63,45,7.74
249,San Andres,CO,2023-01-16 02:01:13,12.5847,-81.7006,78.98,69,99,22.55
250,Gusau,NG,2023-01-16 02:01:16,12.1628,6.6614,64.09,22,100,10.67
251,Gorontalo,ID,2023-01-16 02:01:17,0.5412,123.0595,88.75,59,18,1.9
252,Pastavy,BY,2023-01-16 02:01:19,55.1168,26.8326,33.98,98,100,13.27
253,Zhangye,CN,2023-01-16 02:01:23,38.9342,100.4517,5.94,77,69,0.56
254,Varzea Da Palma,BR,2023-01-16 02:01:30,-17.5981,-44.7308,72.59,82,100,2.35
255,Rio Grande,BR,2023-01-16 02:01:31,-32.035,-52.0986,70.3,73,0,10.74
256,Podgornoye,RU,2023-01-16 02:01:34,51.735,39.1496,21.42,93,100,11.18
257,Broken Hill,AU,2023-01-16 02:01:36,-31.95,141.4333,93.16,24,4,7.29
258,Pooler,US,2023-01-16 02:01:44,32.1155,-81.2471,44.94,64,0,0.0
259,Cocobeach,GA,2023-01-16 02:01:44,1.0002,9.5823,79.25,81,69,5.5
260,Bow Island,CA,2023-01-16 02:00:01,49.8668,-111.3684,27.48,93,100,6.67
261,Cap Malheureux,MU,2023-01-16 02:01:45,-19.9842,57.6142,78.48,74,22,8.99
262,Andapa,MG,2023-01-16 01:58:55,-14.65,49.65,69.24,100,100,1.57
263,Nioro,GM,2023-01-16 02:01:46,13.35,-15.75,72.91,35,52,3.53
264,San Quintin,MX,2023-01-16 01:57:37,30.4833,-115.95,59.29,76,76,4.76
265,Kloulklubed,PW,2023-01-16 01:58:02,7.0419,134.2556,82.9,77,28,11.5
266,Hofn,IS,2023-01-16 01:59:35,64.2539,-15.2082,24.28,59,100,21.27
267,Ginir,ET,2023-01-16 02:01:47,7.1333,40.7,54.23,61,0,3.67
268,Acarau,BR,2023-01-16 02:01:47,-2.8856,-40.12,77.45,87,100,10.45
269,Faanui,PF,2023-01-16 02:01:48,-16.4833,-151.75,79.07,75,100,19.42
270,Haines Junction,CA,2023-01-16 02:01:48,60.7522,-137.5108,21.79,97,100,2.08
271,Bulolo,PG,2023-01-16 02:01:49,-7.2,146.65,84.58,68,100,1.43
272,Waitati,NZ,2023-01-16 02:01:49,-45.75,170.5667,70.56,59,19,6.31
273,Sire,NG,2023-01-16 02:01:50,12.9299,5.2043,64.13,23,100,10.94
274,Rovaniemi,FI,2023-01-16 02:01:50,66.5,25.7167,33.21,100,100,16.11
275,Porto San Giorgio,IT,2023-01-16 02:01:51,43.1827,13.7934,52.0,66,100,7.99
276,Kigali,RW,2023-01-16 02:01:51,-1.95,30.0588,60.28,93,40,4.0
277,Ambilobe,MG,2023-01-16 02:02:52,-13.2,49.05,72.57,95,100,2.19
278,Presidencia Roque Saenz Pena,AR,2023-01-16 02:02:52,-26.7852,-60.4388,72.57,45,0,5.35
279,Jever,DE,2023-01-16 02:02:53,53.5833,7.9,40.05,87,98,9.22
280,Mayo,US,2023-01-16 02:02:53,38.8876,-76.5119,39.15,52,0,11.5
281,Salta,AR,2023-01-16 01:59:44,-24.7859,-65.4117,71.58,63,40,4.61
282,Crotone,IT,2023-01-16 02:00:49,39.0851,17.1178,55.18,69,100,8.12
283,Oum Hadjer,TD,2023-01-16 02:02:54,13.2954,19.6966,66.47,24,99,10.4
284,Maceio,BR,2023-01-16 02:02:55,-9.6658,-35.7353,74.64,94,40,2.3
285,Cotonou,BJ,2023-01-16 02:02:55,6.3654,2.4183,78.46,81,3,7.18
286,Saint-Georges,GD,2023-01-16 02:01:06,12.0564,-61.7485,76.62,78,11,9.89
287,Cobija,BO,2023-01-16 02:02:56,-11.0267,-68.7692,72.27,99,100,2.04
288,Flinders,AU,2023-01-16 02:02:56,-34.5833,150.8552,81.05,68,85,7.58
289,Bonavista,CA,2023-01-16 02:02:57,48.6499,-53.1147,31.93,94,100,22.01
290,Rocha,UY,2023-01-16 02:00:45,-34.4833,-54.3333,62.91,80,0,6.87
291,Taksimo,RU,2023-01-16 02:02:57,56.3444,114.8794,-18.67,90,100,0.16
292,Garden City,US,2023-01-16 02:02:58,42.3256,-83.331,30.11,83,40,5.75
293,Axim,GH,2023-01-16 02:02:58,4.8699,-2.2405,78.04,85,6,5.84
294,Chuy,UY,2023-01-16 02:02:59,-33.6971,-53.4616,66.09,80,0,6.38
295,Saint Anthony,US,2023-01-16 02:00:34,45.0205,-93.218,36.46,84,40,5.75
296,Ust-Karsk,RU,2023-01-16 02:02:59,52.7011,118.8077,-17.45,96,100,1.25
297,Presevo,RS,2023-01-16 02:03:00,42.3092,21.6492,21.6,92,89,4.68
298,Lorengau,PG,2023-01-16 01:58:51,-2.0226,147.2712,83.77,68,76,3.44
299,Makakilo City,US,2023-01-16 02:03:01,21.3469,-158.0858,79.12,65,100,11.5
300,Santiago,CL,2023-01-16 01:59:43,-33.4569,-70.6483,76.55,40,0,13.8
301,Sompeta,IN,2023-01-16 02:03:01,18.9333,84.6,70.92,80,7,4.52
302,Sarkikaraagac,TR,2023-01-16 02:03:02,38.0794,31.3664,35.4,70,32,1.95
303,Avola,IT,2023-01-16 02:03:04,36.9113,15.1395,43.09,81,14,12.3
304,Shetpe,KZ,2023-01-16 02:03:05,44.1667,52.1167,21.52,33,92,13.15
305,Krasnoselkup,RU,2023-01-16 02:03:05,65.7,82.4667,-5.67,98,100,17.38
306,Dvinskoy,RU,2023-01-16 02:03:08,62.1535,45.1175,23.86,92,100,11.41
307,Sao Jose Da Coroa Grande,BR,2023-01-16 02:03:10,-8.8978,-35.1478,76.75,75,31,2.39
308,Ulety,RU,2023-01-16 02:03:14,51.3572,112.4849,4.03,82,100,13.65
309,Samarai,PG,2023-01-16 02:03:14,-10.6167,150.6667,86.49,68,88,6.38
310,Mont-De-Marsan,FR,2023-01-16 02:03:16,44.0,-0.6667,49.48,79,75,14.97
311,Hays,US,2023-01-16 02:03:19,30.0502,-98.0336,65.82,74,100,5.01
312,Lisakovsk,KZ,2023-01-16 02:03:20,52.5369,62.4936,-5.87,79,16,6.51
313,Gizo,SB,2023-01-16 02:03:26,-8.103,156.8419,84.92,70,76,9.51
314,Faya,SA,2023-01-16 02:03:28,18.3851,42.4509,46.92,73,11,1.7
315,Labrea,BR,2023-01-16 02:03:30,-7.2586,-64.7981,73.76,95,65,1.14
316,Marica,BR,2023-01-16 01:59:21,-22.9194,-42.8186,82.35,93,66,10.42
317,Sambava,MG,2023-01-16 02:02:40,-14.2667,50.1667,73.92,96,100,7.83
318,Mnogovershinnyy,RU,2023-01-16 02:03:34,53.9353,139.9242,-21.37,79,14,7.78
319,Hualmay,PE,2023-01-16 02:03:36,-11.0964,-77.6139,69.8,80,100,7.07
320,Gumdag,TM,2023-01-16 02:04:36,39.2061,54.5906,25.61,60,100,18.05
321,Santa Fe,AR,2023-01-16 02:00:18,-31.6333,-60.7,88.0,37,6,5.99
322,Tabou,CI,2023-01-16 02:04:37,4.423,-7.3528,78.42,81,4,4.12
323,Okhotsk,RU,2023-01-16 02:04:37,59.3833,143.3,-8.88,89,100,18.14
324,Hurghada,EG,2023-01-16 02:04:38,27.2574,33.8129,57.22,45,0,9.46
325,Port Lincoln,AU,2023-01-16 02:04:38,-34.7333,135.8667,74.25,55,51,8.57
326,Biak,ID,2023-01-16 02:04:39,-0.9131,122.8766,83.55,64,99,1.77
327,Seminole,US,2023-01-16 02:04:39,28.7086,-81.2081,49.24,76,0,0.0
328,Ilebo,CD,2023-01-16 02:04:39,-4.3167,20.5833,69.15,99,100,1.23
329,Kahului,US,2023-01-16 02:02:52,20.8947,-156.47,80.62,68,40,12.66
330,Rio Cuarto,AR,2023-01-16 02:04:41,-33.1307,-64.3499,67.84,64,63,3.0
331,Madang,PG,2023-01-16 02:04:41,-5.2246,145.7966,88.32,59,100,4.72
332,Derzhavinsk,KZ,2023-01-16 02:04:41,51.1,66.3167,-3.37,86,13,6.4
333,Modasa,IN,2023-01-16 02:04:42,23.4667,73.3,48.65,30,2,9.26
334,Shestakovo,RU,2023-01-16 02:04:42,56.4915,103.96,1.13,96,100,5.53
335,Najran,SA,2023-01-16 02:04:43,17.4924,44.1277,60.75,48,5,0.89
336,Nuuk,GL,2023-01-16 02:03:44,64.1835,-51.7216,6.62,85,100,16.62
337,Pindiga,NG,2023-01-16 02:04:43,9.9833,10.9333,63.82,30,10,8.03
338,Nemencine,LT,2023-01-16 02:04:44,54.85,25.4833,35.35,96,100,10.45
339,Dhidhdhoo,MV,2023-01-16 02:04:44,6.8833,73.1,79.23,69,99,6.91
340,Solnechnoye,RU,2023-01-16 02:04:45,43.276,46.507,30.88,88,10,1.68
341,Karasjok,NO,2023-01-16 02:04:45,69.4719,25.5112,19.29,95,100,9.08
342,Gherla,RO,2023-01-16 02:02:53,47.0333,23.9167,29.1,85,100,2.73
343,Porto Walter,BR,2023-01-16 02:04:46,-8.2686,-72.7439,72.41,98,100,2.15
344,Tepalcatepec,MX,2023-01-16 02:04:46,19.1833,-102.85,74.75,43,2,4.92
345,Sobolevo,RU,2023-01-16 02:04:47,54.4299,31.8996,26.58,96,100,16.46
346,Larreynaga,NI,2023-01-16 02:04:47,12.6769,-86.5719,75.0,52,1,5.41
347,Norman Wells,CA,2023-01-16 02:04:47,65.282,-126.8329,-20.31,99,94,2.91
348,Kyra,RU,2023-01-16 02:04:48,49.5776,111.9753,-6.9,87,35,4.14
349,Carutapera,BR,2023-01-16 02:04:48,-1.195,-46.02,73.15,96,100,1.07
350,Woodward,US,2023-01-16 02:04:49,36.4337,-99.3904,56.97,57,0,23.02
351,Anjozorobe,MG,2023-01-16 02:04:49,-18.4,47.8667,60.42,95,98,5.95
352,Alice,US,2023-01-16 02:00:07,27.7523,-98.0697,69.53,65,51,16.93
353,Dzhebariki-Khaya,RU,2023-01-16 02:04:50,62.2167,135.8,-45.15,91,100,1.43
354,San Patricio,US,2023-01-16 02:04:50,28.017,-97.5169,69.17,73,98,20.62
355,Isla Mujeres,MX,2023-01-16 02:04:51,21.2311,-86.731,68.05,62,0,9.91
356,San Jeronimo,PE,2023-01-16 02:01:52,-11.9472,-75.2829,50.45,83,100,4.45
357,Yuci,CN,2023-01-16 02:04:51,37.6803,112.7319,10.15,56,0,2.24
358,Sangar,RU,2023-01-16 02:04:52,63.9242,127.4739,-51.25,93,100,3.96
359,Cay,TR,2023-01-16 02:04:52,38.5917,31.0286,36.88,70,80,2.51
360,Katherine,AU,2023-01-16 02:04:53,-14.4667,132.2667,88.12,66,40,8.05
361,Gravdal,NO,2023-01-16 02:04:53,68.1214,13.5031,31.39,63,100,6.04
362,Bathsheba,BB,2023-01-16 02:04:54,13.2167,-59.5167,77.61,78,40,10.36
363,Santa Maria,BR,2023-01-16 02:04:54,-29.6842,-53.8069,72.63,79,17,9.51
364,Azovo,RU,2023-01-16 02:04:55,54.6997,73.0237,4.75,83,87,14.0
365,Rawson,AR,2023-01-16 02:04:55,-43.3002,-65.1023,63.86,55,11,18.48
366,Clyde River,CA,2023-01-16 02:05:10,70.4692,-68.5914,-10.97,64,100,13.8
367,Ayr,GB,2023-01-16 02:05:56,55.4627,-4.6339,35.58,93,100,3.44
368,Luderitz,NA,2023-01-16 02:05:56,-26.6481,15.1594,68.49,69,100,9.66
369,Pevek,RU,2023-01-16 02:05:57,69.7008,170.3133,-30.91,99,38,3.38
370,Dudinka,RU,2023-01-16 02:05:57,69.4058,86.1778,-41.62,97,53,4.81
371,Chara,RU,2023-01-16 02:05:58,56.9064,118.2631,-27.4,79,37,0.29
372,Lichinga,MZ,2023-01-16 02:05:58,-13.3128,35.2406,61.23,99,100,4.81
373,Lazaro Cardenas,MX,2023-01-16 02:05:59,17.9583,-102.2,75.7,82,11,3.33
374,Yumen,CN,2023-01-16 02:05:59,40.2833,97.2,6.31,69,5,27.54
375,Rundu,NA,2023-01-16 02:05:59,-17.9333,19.7667,65.41,93,100,3.87
376,Nampula,MZ,2023-01-16 02:06:00,-15.1165,39.2666,68.41,98,95,1.74
377,Harper,LR,2023-01-16 02:06:00,4.375,-7.7169,78.44,80,2,4.85
378,Chantada,ES,2023-01-16 02:06:01,42.6088,-7.7712,48.69,96,100,17.4
379,Zhezkazgan,KZ,2023-01-16 02:06:01,47.8043,67.7144,8.58,72,0,4.47
380,Mmabatho,ZA,2023-01-16 02:06:03,-25.85,25.6333,68.11,43,0,11.77
381,Slave Lake,CA,2023-01-16 02:04:00,55.2834,-114.769,21.18,93,100,6.91
382,Mongoumba,CF,2023-01-16 02:06:05,3.6415,18.5936,74.48,40,98,1.77
383,Kiunga,PG,2023-01-16 02:06:07,-6.1219,141.2906,74.07,95,100,1.45
384,Ahuimanu,US,2023-01-16 02:06:09,21.4447,-157.8378,80.31,79,99,5.01
385,Valle Nacional,MX,2023-01-16 02:06:10,17.7833,-96.3167,63.99,89,0,3.49
386,Cape Canaveral,US,2023-01-16 02:06:11,28.4058,-80.6048,50.04,77,0,5.75
387,Limon,CR,2023-01-16 02:06:13,10.0,-83.0333,72.05,83,61,5.53
388,Dunhua,CN,2023-01-16 02:01:31,43.3725,128.2425,2.88,62,0,8.21
389,Esna,EG,2023-01-16 02:06:19,25.2934,32.554,54.41,47,100,4.34
390,Kikwit,CD,2023-01-16 02:05:01,-5.041,18.8162,69.31,98,100,1.68
391,Poum,NC,2023-01-16 02:06:21,-20.2333,164.0167,80.85,72,96,13.02
392,Murud,IN,2023-01-16 02:06:22,18.3258,72.965,64.56,77,2,3.58
393,Krasnaya Yaruga,RU,2023-01-16 02:06:24,50.8008,35.6583,21.69,96,94,6.8
394,Avera,US,2023-01-16 02:06:24,33.194,-82.5271,36.91,47,3,4.85
395,Boddam,GB,2023-01-16 02:06:27,57.4667,-1.7833,32.38,61,99,16.53
396,Rapar,IN,2023-01-16 02:06:29,23.5667,70.6333,54.25,42,22,7.61
397,Adrar,MR,2023-01-16 02:06:31,20.5022,-10.0711,62.22,19,0,11.21
398,Manali,IN,2023-01-16 02:06:33,13.1667,80.2667,71.69,80,1,5.48
399,San Policarpo,PH,2023-01-16 02:06:34,12.1791,125.5072,80.89,83,81,4.52
400,Mezen,RU,2023-01-16 02:06:35,65.8522,44.24,30.78,91,100,16.35
401,Gbarnga,LR,2023-01-16 02:06:37,6.9956,-9.4722,67.26,98,14,1.25
402,Usinsk,RU,2023-01-16 02:06:38,65.9939,57.5281,23.61,96,95,13.73
403,Nicoya,CR,2023-01-16 02:06:39,10.1483,-85.452,73.58,77,32,13.33
404,Shache,CN,2023-01-16 02:06:39,38.4167,77.2406,-5.71,100,99,3.02
405,San-Pedro,CI,2023-01-16 02:06:40,4.7485,-6.6363,76.95,88,4,1.48
406,San Nicola,IT,2023-01-16 02:06:40,40.6116,8.991,49.35,87,97,7.72
407,Tefe,BR,2023-01-16 02:06:41,-3.3542,-64.7114,73.71,97,100,4.52
408,Hauterive,FR,2023-01-16 02:06:41,46.0901,3.4459,43.56,74,100,14.43
409,El Ejido,ES,2023-01-16 02:06:42,36.7763,-2.8146,58.75,63,10,4.43
410,Struer,DK,2023-01-16 02:06:42,56.4912,8.5838,40.05,78,21,12.08
411,Pontianak,ID,2023-01-16 02:06:43,-0.0333,109.3333,82.38,78,20,5.75
412,Tual,ID,2023-01-16 02:06:43,-5.6667,132.75,83.52,74,99,7.76
413,Saint-Augustin,CA,2023-01-16 02:06:43,51.226,-58.6502,10.06,85,100,7.2
414,Elko,US,2023-01-16 02:07:44,41.0002,-115.5012,28.42,94,100,3.11
415,Hervey Bay,AU,2023-01-16 02:07:45,-25.2986,152.8535,77.02,96,100,8.01
416,Tevriz,RU,2023-01-16 02:07:45,57.509,72.4042,17.35,85,100,11.36
417,Tilichiki,RU,2023-01-16 02:06:41,60.4667,166.1,-6.74,90,100,7.9
418,Porto Velho,BR,2023-01-16 02:05:52,-8.7619,-63.9039,75.25,94,0,0.0
419,Ilhabela,BR,2023-01-16 02:07:46,-23.7781,-45.3581,75.58,92,100,2.68
420,Tynda,RU,2023-01-16 02:07:46,55.1667,124.7167,-34.2,96,64,1.39
421,Port-Gentil,GA,2023-01-16 02:05:24,-0.7193,8.7815,79.54,77,100,3.67
422,Uvira,CD,2023-01-16 02:07:47,-3.4067,29.1458,70.92,84,100,3.87
423,Puksoozero,RU,2023-01-16 02:07:48,62.5903,40.6066,29.17,91,100,14.58
424,Dingle,PH,2023-01-16 02:07:48,10.9995,122.6711,81.21,83,38,5.55
425,Kununurra,AU,2023-01-16 02:04:55,-15.7667,128.7333,87.78,74,75,8.05
426,Iwanai,JP,2023-01-16 02:07:49,42.9744,140.5089,27.18,81,99,8.72
427,Calabozo,VE,2023-01-16 02:07:49,8.9242,-67.4293,82.96,41,98,4.36
428,Aklavik,CA,2023-01-16 02:07:50,68.2191,-135.0107,-17.55,97,100,3.58
429,Biskamzha,RU,2023-01-16 02:07:50,53.4497,89.5272,-6.93,99,99,4.14
430,Champerico,GT,2023-01-16 02:07:50,14.3,-91.9167,78.3,76,3,1.79
431,Clyde,US,2023-01-16 02:07:51,41.3042,-82.9752,30.58,82,37,7.38
432,Liverpool,GB,2023-01-16 02:04:46,53.4106,-2.9779,38.79,94,100,3.44
433,Mount Isa,AU,2023-01-16 02:07:51,-20.7333,139.5,83.97,58,100,11.5
434,Mahajanga,MG,2023-01-16 02:07:52,-15.7167,46.3167,75.22,100,40,3.44
435,Sura,RU,2023-01-16 02:07:52,53.8879,45.7419,6.93,92,6,7.56
436,Riyadh,SA,2023-01-16 02:07:53,24.6877,46.7219,55.54,70,87,8.28
437,Tadine,NC,2023-01-16 02:07:53,-21.55,167.8833,80.17,65,97,13.49
438,Korla,CN,2023-01-16 02:07:53,41.7597,86.1469,3.22,94,91,2.3
439,Nemuro,JP,2023-01-16 02:07:54,43.3236,145.575,28.4,93,100,20.58
440,Nabire,ID,2023-01-16 02:07:54,-3.3667,135.4833,83.57,68,100,2.28
441,Taitung,TW,2023-01-16 02:07:55,22.7583,121.1444,64.67,72,75,10.36
442,Udachnyy,RU,2023-01-16 02:07:56,66.4167,112.4,-60.48,100,67,3.06
443,Atikokan,CA,2023-01-16 02:07:57,48.7555,-91.6216,31.66,95,100,6.82
444,Kyzyl-Suu,KG,2023-01-16 02:07:57,42.3414,78.0056,7.48,55,2,9.15
445,Buraydah,SA,2023-01-16 02:07:58,26.326,43.975,55.85,69,90,7.74
446,Sao Joao Da Barra,BR,2023-01-16 02:07:58,-21.6403,-41.0511,75.47,86,85,18.48
447,Shenjiamen,CN,2023-01-16 02:07:58,29.9576,122.298,37.42,66,59,21.47
448,Amboasary,MG,2023-01-16 02:07:59,-25.0333,46.3833,71.26,90,0,4.34
449,Asfi,MA,2023-01-16 02:07:59,32.2994,-9.2372,53.96,83,3,13.51
450,Sao Pedro Do Sul,BR,2023-01-16 02:08:00,-29.6206,-54.1789,73.9,74,54,9.95
451,Bud,US,2023-01-16 02:08:00,39.447,-86.1758,37.9,67,70,9.93
452,Carman,CA,2023-01-16 02:08:00,49.4992,-98.0016,22.89,95,100,2.06
453,Concordia,AR,2023-01-16 02:08:01,-31.393,-58.0209,79.79,45,0,1.01
454,Padang,ID,2023-01-16 02:08:02,-0.9492,100.3543,78.85,73,94,0.67
455,Yima,CN,2023-01-16 02:08:04,34.7381,111.8839,24.44,37,57,8.68
456,Payo,ID,2023-01-16 02:08:06,-3.7508,103.6372,80.44,75,78,1.3
457,Jamkhed,IN,2023-01-16 02:08:07,18.7362,75.3121,64.11,44,3,2.8
458,Antalaha,MG,2023-01-16 02:08:08,-14.9003,50.2788,73.63,97,100,6.2
459,Dinghai,CN,2023-01-16 02:08:09,26.2847,119.7936,46.71,74,100,18.54
460,Borba,BR,2023-01-16 02:06:10,-4.3878,-59.5939,71.53,99,82,1.74
461,Deniliquin,AU,2023-01-16 02:08:12,-35.5333,144.9667,93.09,27,100,4.16
462,Novyy Urengoy,RU,2023-01-16 02:09:12,66.0833,76.6333,6.03,96,100,9.35
463,Komsomolskiy,UZ,2023-01-16 02:09:13,40.4272,71.7189,9.32,78,4,2.3
464,Nago,JP,2023-01-16 02:09:14,26.5881,127.9761,61.23,76,100,19.42
465,Kasongo-Lunda,CD,2023-01-16 02:06:19,-6.4667,16.8167,68.38,99,100,1.12
466,Kondoa,TZ,2023-01-16 02:09:14,-4.9,35.7833,59.29,89,99,3.44
467,Bafilo,TG,2023-01-16 02:09:17,9.35,1.2667,68.07,24,5,4.83
468,Rajpipla,IN,2023-01-16 02:09:18,21.8667,73.5,56.01,49,1,5.03
469,Chinsali,ZM,2023-01-16 02:09:18,-10.5414,32.0816,61.16,98,100,1.43
470,Senanga,ZM,2023-01-16 02:09:20,-16.1167,23.2667,66.97,93,100,3.91
471,Westport,US,2023-01-16 02:09:20,41.1415,-73.3579,37.09,47,75,9.22
472,Shihezi,CN,2023-01-16 02:09:21,44.3,86.0333,-8.91,92,100,1.45
473,Lucapa,AO,2023-01-16 02:09:22,-8.4192,20.7447,64.51,95,100,0.78
474,Paranga,RU,2023-01-16 02:09:23,56.7039,49.4047,6.67,88,67,10.92
475,Ancud,CL,2023-01-16 02:09:24,-41.8697,-73.8203,51.55,83,66,5.5
476,Rojhan,PK,2023-01-16 02:09:25,28.6868,69.9534,45.55,15,0,8.99
477,Nouakchott,MR,2023-01-16 02:09:26,18.0858,-15.9785,67.93,29,12,13.87
478,Dubti,ET,2023-01-16 02:09:26,11.7361,41.0853,71.71,75,2,10.74
479,Salalah,OM,2023-01-16 02:09:27,17.0151,54.0924,69.04,79,6,0.81
480,Amga,RU,2023-01-16 02:09:27,60.8953,131.9608,-47.38,93,100,2.48
481,Pathein,MM,2023-01-16 02:09:28,16.7833,94.7333,72.75,63,15,7.63
482,Ipua,BR,2023-01-16 02:09:29,-20.4381,-48.0122,70.9,92,100,1.74
483,Pierre,US,2023-01-16 02:07:38,44.3683,-100.351,35.85,85,75,5.99
484,Villaviciosa,ES,2023-01-16 02:09:30,43.4813,-5.4357,52.61,80,100,19.01
485,Imeni Poliny Osipenko,RU,2023-01-16 02:09:31,52.4201,136.4853,-22.72,92,43,4.43
486,Sunland Park,US,2023-01-16 02:09:32,31.7965,-106.58,56.48,37,0,19.57
487,Nayoro,JP,2023-01-16 02:07:44,44.3506,142.4578,22.55,77,100,2.46
488,Santa Isabel Do Rio Negro,BR,2023-01-16 02:09:34,-0.4139,-65.0192,72.63,99,100,2.55
489,Labytnangi,RU,2023-01-16 02:09:34,66.6572,66.4183,15.15,90,100,5.46
490,Saldanha,ZA,2023-01-16 02:09:35,-33.0117,17.9442,63.81,87,1,8.05
491,Oranjemund,NA,2023-01-16 02:09:35,-28.55,16.4333,62.55,91,99,3.36
492,Tshikapa,CD,2023-01-16 02:09:36,-6.4167,20.8,67.82,97,100,1.39
493,Asosa,ET,2023-01-16 02:09:36,10.0667,34.5333,65.3,35,92,6.17
494,Glace Bay,CA,2023-01-16 02:09:37,46.1969,-59.957,36.86,96,100,11.01
495,Tezu,IN,2023-01-16 02:09:37,27.9167,96.1667,61.47,53,99,1.32
496,San Fernando,PH,2023-01-16 02:09:38,15.0286,120.6898,80.06,73,98,7.38
497,Soltepec,MX,2023-01-16 02:09:38,19.1167,-97.7,50.7,43,0,4.52
498,Suntar,RU,2023-01-16 02:09:39,62.1444,117.6319,-70.04,100,93,0.78
499,Concepcion,CL,2023-01-16 02:09:39,-36.827,-73.0498,58.8,63,0,12.66
500,Kolyshley,RU,2023-01-16 02:09:40,52.7005,44.5367,12.4,88,93,12.26
501,Muisne,EC,2023-01-16 02:09:40,0.6,-80.0333,75.88,83,100,8.7
502,Batagay,RU,2023-01-16 02:09:41,67.6333,134.6333,-50.12,100,97,0.69
503,Lesnikovo,RU,2023-01-16 02:09:41,55.2822,65.3175,16.2,72,27,13.4
504,Hambantota,LK,2023-01-16 02:09:42,6.1241,81.1185,73.74,100,75,2.3
505,Tatawin,TN,2023-01-16 02:09:42,32.9297,10.4518,50.05,47,0,14.92
506,Aripuana,BR,2023-01-16 02:09:42,-9.1667,-60.6333,74.21,89,99,1.81
507,Cacheu,GW,2023-01-16 02:09:43,12.2706,-16.1658,67.3,81,11,2.19
508,Liliani,PK,2023-01-16 02:09:43,32.2065,72.9537,41.31,23,0,3.78
509,Shanghai,CN,2023-01-16 02:09:44,31.2222,121.4581,37.92,44,0,13.42
510,Inongo,CD,2023-01-16 02:09:44,-1.95,18.2667,72.23,89,100,1.54
511,Konevo,RU,2023-01-16 02:10:45,62.1215,39.3192,29.8,90,100,15.73
512,Bossangoa,CF,2023-01-16 02:10:45,6.4926,17.4552,69.35,27,76,4.7
513,Genhe,CN,2023-01-16 02:10:46,50.7833,121.5167,-17.61,94,100,2.91
514,Husavik,IS,2023-01-16 02:10:46,66.0449,-17.3389,22.55,69,100,15.68
515,Olafsvik,IS,2023-01-16 02:10:47,64.8945,-23.7142,23.07,70,14,14.27
516,Durban,ZA,2023-01-16 02:10:47,-29.8579,31.0292,77.92,93,15,1.01
517,Nakhon Sawan,TH,2023-01-16 02:10:48,15.7,100.0833,77.0,39,6,0.87
518,Kyaikkami,MM,2023-01-16 02:10:48,16.08,97.5675,70.54,72,6,6.49
519,Kupang,ID,2023-01-16 02:10:49,-10.1667,123.5833,79.38,94,100,8.05
520,Kondinskoye,RU,2023-01-16 02:10:49,59.6481,67.41,16.75,86,91,16.93
521,Lethbridge,CA,2023-01-16 02:07:34,49.7,-112.8186,26.71,93,100,5.75
522,Muros,ES,2023-01-16 02:10:50,42.7762,-9.0603,57.09,84,100,26.44
523,Armidale,AU,2023-01-16 02:10:50,-30.5167,151.65,80.35,24,0,10.42
524,Amahai,ID,2023-01-16 02:10:51,-3.3333,128.9167,86.65,65,98,1.86
525,Kinablangan,PH,2023-01-16 02:10:51,7.6947,126.5503,83.3,72,94,1.77
526,Kontagora,NG,2023-01-16 02:10:51,10.3999,5.4695,69.22,22,45,5.86
527,Nhulunbuy,AU,2023-01-16 02:10:52,-12.2333,136.7667,77.61,88,75,19.57
528,Tocopilla,CL,2023-01-16 02:10:52,-22.092,-70.1979,69.46,69,0,3.42
529,Dinkelsbuhl,DE,2023-01-16 02:10:53,49.0694,10.3199,36.88,85,80,7.11
530,Northam,GB,2023-01-16 02:10:53,51.0333,-4.2167,42.62,85,100,23.91
531,Carballo,ES,2023-01-16 02:10:54,43.213,-8.691,55.09,92,100,14.94
532,Lesozavodsk,RU,2023-01-16 02:10:54,45.4794,133.4244,-9.22,90,29,5.82
533,Zaliznychne,UA,2023-01-16 02:10:55,45.7489,28.6147,42.06,80,100,15.59
534,El Alto,PE,2023-01-16 02:10:55,-4.2714,-81.2147,69.46,73,100,12.66
535,Caleta De Carquin,PE,2023-01-16 02:10:56,-11.0925,-77.6267,69.94,80,100,7.27
536,Coquimbo,CL,2023-01-16 02:10:56,-29.9533,-71.3436,60.53,88,0,5.75
537,Mattru,SL,2023-01-16 02:10:56,7.6244,-11.8332,71.96,98,65,1.05
538,Choachi,CO,2023-01-16 02:10:57,4.529,-73.9227,63.99,97,96,2.39
539,Tahta,EG,2023-01-16 02:10:57,26.7693,31.5021,52.29,51,0,2.51
540,Nouadhibou,MR,2023-01-16 02:10:58,20.931,-17.0347,69.19,49,56,15.1
541,Tahe,CN,2023-01-16 02:10:58,52.3333,124.7333,-14.84,82,16,2.42
542,Kadoma,JP,2023-01-16 02:10:59,34.7333,135.5833,51.78,33,100,15.84
543,Horodyshche,UA,2023-01-16 02:10:59,49.2849,31.4451,32.4,92,100,10.47
544,Raudeberg,NO,2023-01-16 02:11:00,61.9875,5.1352,38.07,24,100,31.09
545,Fortuna,US,2023-01-16 02:11:00,40.5982,-124.1573,48.65,93,40,3.0
546,Nador,MA,2023-01-16 02:11:01,35.174,-2.9287,61.05,72,40,14.97
547,Broome,US,2023-01-16 02:11:01,42.2506,-75.833,22.69,88,100,10.36
548,Vocklamarkt,AT,2023-01-16 02:11:02,48.0025,13.4838,36.14,78,100,3.0
549,La Ronge,CA,2023-01-16 02:11:03,55.1001,-105.2842,-1.41,100,54,1.39
550,Ngorongoro,TZ,2023-01-16 02:11:04,-3.2397,35.4875,48.29,87,37,3.09
551,Tateyama,JP,2023-01-16 02:11:04,34.9833,139.8667,49.1,83,100,1.48
552,Sampit,ID,2023-01-16 02:11:05,-2.5333,112.95,87.21,58,96,4.25
553,Vila Do Maio,CV,2023-01-16 02:11:06,15.1333,-23.2167,74.21,72,99,10.98
554,Bajil,YE,2023-01-16 02:11:08,15.0584,43.2851,74.79,73,5,3.71
555,Ziro,IN,2023-01-16 02:11:10,27.6333,93.8333,36.34,91,91,2.1
556,Ribas Do Rio Pardo,BR,2023-01-16 02:12:16,-20.4431,-53.7592,73.2,86,25,1.99
557,Soller,ES,2023-01-16 02:12:17,39.7662,2.7152,53.85,58,12,5.01
558,Las Vegas,US,2023-01-16 02:08:00,36.175,-115.1372,53.28,49,75,8.99
559,Kaifeng,CN,2023-01-16 02:12:17,34.7911,114.3483,27.41,44,65,4.54
560,Tauranga,NZ,2023-01-16 02:12:18,-37.6861,176.1667,73.94,62,2,4.0
561,Hamilton,US,2023-01-16 02:10:06,39.1834,-84.5333,35.89,59,0,10.36
562,Santa Cruz,BO,2023-01-16 02:10:24,-17.8,-63.1667,72.86,88,29,3.44
563,Arman,RU,2023-01-16 02:12:19,59.7,150.1667,-6.99,94,100,9.35
